Order_ID,Order_Date,Region,Category,Product,Quantity,Unit_Price,Discount,Sales
ORD0165,06-01-2026,South,Electronics,Laptop,4,55000,0.15,187000.0
ORD0516,08-01-2026,North,Electronics,Smartphone,1,28000,0.05,26600.0
ORD0348,12-01-2026,South,Electronics,Laptop,1,55000,0.05,52250.0
ORD0677,15-01-2026,West,Electronics,Smartphone,6,28000,0.05,159600.0
ORD0631,19-01-2026,North,Electronics,Laptop,5,55000,0.0,275000.0
ORD0383,19-01-2026,West,Electronics,Laptop,4,55000,0.0,220000.0
ORD0053,21-01-2026,West,Electronics,Laptop,4,55000,0.0,220000.0
ORD0456,22-01-2026,West,Electronics,Smartphone,6,28000,0.15,142800.0
ORD0997,22-01-2026,North,Electronics,Laptop,6,55000,0.0,330000.0
ORD0192,23-01-2026,East,Electronics,Smartphone,6,28000,0.0,168000.0
ORD0201,25-01-2026,South,Electronics,Laptop,3,55000,0.0,165000.0
ORD0302,25-01-2026,West,Electronics,Laptop,3,55000,0.0,165000.0
ORD0558,27-01-2026,West,Electronics,Laptop,4,55000,0.05,209000.0
ORD0293,29-01-2026,West,Electronics,Smartphone,6,28000,0.15,142800.0
ORD0685,29-01-2026,East,Electronics,Smartphone,4,28000,0.1,100800.0
ORD0403,01-02-2026,North,Electronics,Smartphone,2,28000,0.1,50400.0
ORD0499,02-02-2026,North,Electronics,Smartphone,1,28000,0.1,25200.0
ORD0628,03-02-2026,East,Electronics,Laptop,7,55000,0.0,385000.0
ORD0148,03-02-2026,North,Electronics,Laptop,4,55000,0.0,220000.0
ORD0378,05-02-2026,West,Electronics,Smartphone,5,28000,0.0,140000.0
ORD0346,06-02-2026,West,Electronics,Smartphone,6,28000,0.0,168000.0
ORD0588,07-02-2026,West,Electronics,Smartphone,3,28000,0.0,84000.0
ORD0174,07-02-2026,East,Electronics,Laptop,3,55000,0.05,156750.0
ORD0648,10-02-2026,East,Electronics,Smartphone,7,28000,0.05,186200.0
ORD0672,14-02-2026,East,Electronics,Smartphone,1,28000,0.1,25200.0
ORD0479,16-02-2026,East,Electronics,Smartphone,4,28000,0.05,106400.0
ORD0138,19-02-2026,South,Electronics,Smartphone,4,28000,0.15,95200.0
ORD0132,20-02-2026,North,Electronics,Smartphone,1,28000,0.0,28000.0
ORD0892,24-02-2026,North,Electronics,Laptop,6,55000,0.0,330000.0
ORD0856,26-02-2026,West,Electronics,Laptop,7,55000,0.05,365750.0
ORD0071,27-02-2026,South,Electronics,Smartphone,5,28000,0.1,126000.0
ORD0971,04-03-2026,North,Electronics,Laptop,6,55000,0.0,330000.0
ORD0007,05-03-2026,North,Electronics,Smartphone,3,28000,0.0,84000.0
ORD0681,18-03-2026,South,Electronics,Laptop,1,55000,0.15,46750.0
ORD0373,19-03-2026,North,Electronics,Laptop,6,55000,0.0,330000.0
ORD0933,19-03-2026,North,Electronics,Laptop,6,55000,0.05,313500.0
ORD0969,20-03-2026,East,Electronics,Smartphone,3,28000,0.05,79800.0
ORD0304,20-03-2026,East,Electronics,Laptop,5,55000,0.1,247500.0
ORD0594,28-03-2026,South,Electronics,Smartphone,4,28000,0.0,112000.0
ORD0051,03-04-2026,South,Electronics,Smartphone,1,28000,0.05,26600.0
ORD0257,06-04-2026,East,Electronics,Laptop,5,55000,0.0,275000.0
ORD0638,06-04-2026,South,Electronics,Smartphone,5,28000,0.0,140000.0
ORD0973,11-04-2026,South,Electronics,Smartphone,5,28000,0.05,133000.0
ORD0645,11-04-2026,North,Electronics,Laptop,5,55000,0.1,247500.0
ORD0699,15-04-2026,North,Electronics,Smartphone,3,28000,0.0,84000.0
ORD0559,19-04-2026,North,Electronics,Smartphone,1,28000,0.05,26600.0
ORD0440,19-04-2026,East,Electronics,Laptop,7,55000,0.05,365750.0
ORD0366,20-04-2026,South,Electronics,Smartphone,3,28000,0.05,79800.0
ORD0422,25-04-2026,East,Electronics,Laptop,4,55000,0.0,220000.0
ORD0315,26-04-2026,South,Electronics,Laptop,6,55000,0.0,330000.0
ORD0389,28-04-2026,North,Electronics,Laptop,2,55000,0.0,110000.0
ORD0604,28-04-2026,East,Electronics,Laptop,1,55000,0.05,52250.0
ORD0767,30-04-2026,East,Electronics,Smartphone,6,28000,0.05,159600.0
ORD0187,03-05-2026,South,Electronics,Smartphone,2,28000,0.1,50400.0
ORD0794,09-05-2026,South,Electronics,Smartphone,2,28000,0.0,56000.0
ORD0746,11-05-2026,South,Electronics,Laptop,4,55000,0.0,220000.0
ORD0968,12-05-2026,East,Electronics,Smartphone,4,28000,0.0,112000.0
ORD0731,14-05-2026,West,Electronics,Laptop,5,55000,0.05,261250.0
ORD0789,18-05-2026,East,Electronics,Smartphone,3,28000,0.0,84000.0
ORD0431,19-05-2026,East,Electronics,Laptop,3,55000,0.0,165000.0
ORD0104,22-05-2026,East,Electronics,Laptop,2,55000,0.15,93500.0
ORD0853,24-05-2026,South,Electronics,Laptop,4,55000,0.1,198000.0
ORD0312,25-05-2026,West,Electronics,Smartphone,3,28000,0.0,84000.0
ORD0803,26-05-2026,East,Electronics,Smartphone,6,28000,0.05,159600.0
ORD0428,29-05-2026,South,Electronics,Laptop,6,55000,0.1,297000.0
ORD0197,31-05-2026,North,Electronics,Smartphone,1,28000,0.1,25200.0
ORD0673,05-06-2026,East,Electronics,Laptop,4,55000,0.0,220000.0
ORD0668,05-06-2026,North,Electronics,Laptop,5,55000,0.0,275000.0
ORD0590,07-06-2026,West,Electronics,Laptop,5,55000,0.15,233750.0
ORD0835,08-06-2026,South,Electronics,Laptop,3,55000,0.0,165000.0
ORD0062,10-06-2026,West,Electronics,Laptop,5,55000,0.0,275000.0
ORD0985,12-06-2026,North,Electronics,Smartphone,6,28000,0.0,168000.0
ORD0775,15-06-2026,South,Electronics,Laptop,7,55000,0.05,365750.0
ORD0391,16-06-2026,North,Electronics,Smartphone,6,28000,0.05,159600.0
ORD0530,17-06-2026,West,Electronics,Laptop,2,55000,0.0,110000.0
ORD0783,18-06-2026,South,Electronics,Laptop,3,55000,0.0,165000.0
ORD0962,18-06-2026,North,Electronics,Smartphone,6,28000,0.0,168000.0
ORD0194,20-06-2026,West,Electronics,Laptop,7,55000,0.05,365750.0
ORD0680,21-06-2026,North,Electronics,Smartphone,6,28000,0.0,168000.0
ORD0570,26-06-2026,East,Electronics,Smartphone,5,28000,0.1,126000.0
ORD0523,27-06-2026,South,Electronics,Laptop,1,55000,0.1,49500.0
ORD0503,28-06-2026,North,Electronics,Smartphone,2,28000,0.1,50400.0
ORD0242,28-06-2026,South,Electronics,Smartphone,5,28000,0.0,140000.0
ORD0295,28-06-2026,East,Electronics,Smartphone,7,28000,0.05,186200.0
ORD0198,01-07-2026,East,Electronics,Laptop,2,55000,0.1,99000.0
ORD0186,02-07-2026,North,Electronics,Laptop,5,55000,0.0,275000.0
ORD0882,06-07-2026,West,Electronics,Smartphone,3,28000,0.1,75600.0
ORD0436,07-07-2026,West,Electronics,Laptop,2,55000,0.1,99000.0
ORD0710,07-07-2026,South,Electronics,Smartphone,1,28000,0.0,28000.0
ORD0930,10-07-2026,South,Electronics,Laptop,7,55000,0.05,365750.0
ORD0865,11-07-2026,South,Electronics,Smartphone,4,28000,0.0,112000.0
ORD0462,12-07-2026,West,Electronics,Laptop,4,55000,0.05,209000.0
ORD0764,14-07-2026,South,Electronics,Smartphone,3,28000,0.05,79800.0
ORD0641,15-07-2026,West,Electronics,Laptop,3,55000,0.1,148500.0
ORD0733,15-07-2026,West,Electronics,Smartphone,1,28000,0.0,28000.0
ORD0937,17-07-2026,East,Electronics,Laptop,2,55000,0.0,110000.0
ORD0156,21-07-2026,East,Electronics,Laptop,7,55000,0.0,385000.0
ORD0676,22-07-2026,West,Electronics,Laptop,4,55000,0.05,209000.0
ORD0083,23-07-2026,West,Electronics,Smartphone,6,28000,0.05,159600.0
ORD0457,26-07-2026,West,Electronics,Smartphone,2,28000,0.0,56000.0
ORD0015,27-07-2026,North,Electronics,Laptop,6,55000,0.0,330000.0
ORD0052,27-07-2026,North,Electronics,Smartphone,2,28000,0.05,53200.0
ORD0488,05-08-2026,West,Electronics,Laptop,7,55000,0.1,346500.0
ORD0936,05-08-2026,South,Electronics,Smartphone,2,28000,0.05,53200.0
ORD0023,06-08-2026,East,Electronics,Smartphone,3,28000,0.1,75600.0
ORD0292,06-08-2026,West,Electronics,Smartphone,6,28000,0.0,168000.0
ORD0579,11-08-2026,North,Electronics,Laptop,6,55000,0.05,313500.0
ORD0347,17-08-2026,North,Electronics,Laptop,7,55000,0.0,385000.0
ORD0025,19-08-2026,North,Electronics,Laptop,3,55000,0.0,165000.0
ORD0337,19-08-2026,North,Electronics,Laptop,7,55000,0.05,365750.0
ORD0450,20-08-2026,East,Electronics,Smartphone,7,28000,0.0,196000.0
ORD0671,24-08-2026,East,Electronics,Laptop,1,55000,0.0,55000.0
ORD0700,25-08-2026,North,Electronics,Laptop,6,55000,0.1,297000.0
ORD0225,26-08-2026,East,Electronics,Smartphone,6,28000,0.05,159600.0
ORD0258,29-08-2026,North,Electronics,Smartphone,4,28000,0.0,112000.0
ORD0268,29-08-2026,South,Electronics,Smartphone,1,28000,0.0,28000.0
